{"cameraMode":{"drawMode":0,"name":"Shaded","section":"Shading Mode"},"sceneLighting":true,"audioPlay":false,"sceneViewState":{"showFog":true,"showMaterialUpdate":true,"showSkybox":true,"showFlares":true,"showImageEffects":true,"showParticleSystems":true},"in2DMode":false,"pivot":{"x":-7.229999542236328,"y":1.2960000038146973,"z":0.0},"rotation":{"x":-0.06731700152158737,"y":0.06281723082065582,"z":0.0042372397147119049,"w":0.9957610368728638},"size":2.9279379844665529,"orthographic":false}