{"cameraMode":{"drawMode":0,"name":"Shaded","section":"Shading Mode"},"sceneLighting":true,"audioPlay":false,"sceneViewState":{"showFog":true,"showMaterialUpdate":true,"showSkybox":true,"showFlares":true,"showImageEffects":true,"showParticleSystems":true},"in2DMode":false,"pivot":{"x":-0.0972687304019928,"y":0.4505455493927002,"z":0.4211771488189697},"rotation":{"x":0.41703227162361147,"y":-0.034070421010255817,"z":0.01564607210457325,"w":0.9081192016601563},"size":1.6298213005065919,"orthographic":false}